Year,Region,PRECTOTCORR_sum,T2M_mean,T2M_MAX_mean,T2M_MIN_mean,ALLSKY_SFC_SW_DWN_mean,RH2M_mean,WS10M_mean,PRECTOTCORR_automne,PRECTOTCORR_hiver,PRECTOTCORR_printemps
1981,Béni Mellal-Khénifra,187.4,12.77,20.43,6.89,,55.25,2.51,0.0,100.72,86.68
1981,Casablanca-Settat,113.73,15.12,20.45,11.19,,71.56,3.83,0.0,45.64,68.09
1981,Drâa-Tafilalet,74.73,12.55,21.02,5.32,,43.74,4.03,0.0,35.13,39.6
1981,Ed Dakhla-Oued Ed Dahab,30.36,18.08,20.04,16.47,,75.95,6.83,0.0,30.33,0.030000000000000002
1981,Fès-Meknès,298.45,13.25,20.53,7.64,,65.19,3.38,0.0,108.98,189.47
1981,Guelmim-Oued Noun,85.48,16.08,23.24,10.79,,57.4,5.23,0.0,67.86999999999999,17.61
1981,Laâyoune-Sakia El Hamra,76.69,17.86,24.7,12.53,,61.26,5.32,0.0,73.07,3.62
1981,Marrakech-Safi,88.61,14.2,22.5,7.98,,50.01,3.12,0.0,34.35,54.26
1981,Oriental,276.44,10.31,17.42,4.69,,70.64,3.67,0.0,130.06,146.38
1981,Rabat-Salé-Kénitra,135.22,15.35,19.33,12.36,,72.5,3.78,0.0,53.84,81.38
1981,Souss-Massa,95.24,17.03,24.0,11.42,,52.42,3.46,0.0,68.83,26.41
1981,Tanger-Tétouan-Al Hoceïma,194.33,14.88,17.32,12.79,,75.98,4.71,0.0,17.91,176.42000000000002
1982,Béni Mellal-Khénifra,675.61,13.72,20.59,8.58,,58.33,2.47,21.92,320.16,333.53
1982,Casablanca-Settat,475.19,16.88,21.77,13.34,,73.12,3.86,15.83,312.93,146.43
1982,Drâa-Tafilalet,303.48,12.34,20.02,6.21,,50.05,3.44,12.930000000000001,126.58,163.97
1982,Ed Dakhla-Oued Ed Dahab,16.35,19.27,21.09,17.78,,77.93,6.3,3.07,7.23,6.050000000000001
1982,Fès-Meknès,715.74,15.16,22.04,10.02,,63.16,3.4,15.209999999999999,367.19,333.34
1982,Guelmim-Oued Noun,283.06,17.51,24.52,12.46,,57.59,4.9,28.279999999999998,128.11,126.67
1982,Laâyoune-Sakia El Hamra,83.98,19.21,26.01,14.15,,63.53,5.24,10.0,31.78,42.2
1982,Marrakech-Safi,442.46,15.06,22.72,9.47,,55.35,3.04,18.5,210.72,213.24
1982,Oriental,409.53,11.93,19.01,6.73,,67.22,3.83,3.5,202.19,203.84
1982,Rabat-Salé-Kénitra,461.39,17.22,21.01,14.43,,73.46,3.85,21.360000000000003,294.69,145.34
1982,Souss-Massa,370.97,18.21,24.83,13.2,,54.67,3.32,15.58,205.18,150.21
1982,Tanger-Tétouan-Al Hoceïma,455.0,16.44,18.67,14.6,,78.07,5.11,11.31,339.71,103.98
1983,Béni Mellal-Khénifra,384.59,12.98,20.08,7.69,,56.4,2.42,77.04,228.39,79.16
1983,Casablanca-Settat,293.69,15.74,20.62,12.18,,72.9,3.78,72.35,145.35,75.99
1983,Drâa-Tafilalet,94.39,12.42,20.51,5.84,,43.1,3.58,23.189999999999998,26.619999999999997,44.58
1983,Ed Dakhla-Oued Ed Dahab,28.99,18.57,20.53,16.99,,75.94,6.37,16.360000000000003,5.0,7.63
1983,Fès-Meknès,480.93,13.73,20.85,8.41,,63.98,3.49,142.35,248.42000000000002,90.16
1983,Guelmim-Oued Noun,70.18,16.84,23.99,11.57,,52.19,5.03,12.1,48.57,9.51
1983,Laâyoune-Sakia El Hamra,27.13,18.9,26.0,13.63,,55.9,5.28,8.47,15.81,2.85
1983,Marrakech-Safi,137.93,14.53,22.48,8.69,,49.87,3.01,33.330000000000005,68.58,36.02
1983,Oriental,327.94,10.72,17.97,5.18,,66.33,3.77,160.54,91.46000000000001,75.94
1983,Rabat-Salé-Kénitra,309.59,16.09,19.83,13.31,,72.93,3.75,87.29,157.46,64.84
1983,Souss-Massa,113.59,17.62,24.54,12.24,,49.27,3.26,33.03,62.53,18.03
1983,Tanger-Tétouan-Al Hoceïma,279.02,15.05,17.41,13.05,,75.83,5.14,122.13,104.37,52.52
1984,Béni Mellal-Khénifra,396.44,13.21,20.5,7.91,17.703552631578944,57.43,2.56,90.01,72.56,233.87
1984,Casablanca-Settat,342.66,16.29,21.14,12.84,17.395855263157898,73.33,4.02,74.7,101.65,166.31
1984,Drâa-Tafilalet,111.51,12.47,20.58,5.86,18.895921052631575,45.29,3.74,36.97,13.78,60.76
1984,Ed Dakhla-Oued Ed Dahab,3.91,19.23,21.13,17.67,21.707763157894735,75.26,6.12,2.98,0.30000000000000004,0.63
1984,Fès-Meknès,529.8,14.17,21.05,9.07,15.720065789473686,64.98,3.57,108.08,147.47,274.25
1984,Guelmim-Oued Noun,98.81,17.23,24.33,12.03,20.324539473684204,56.24,4.46,25.86,25.330000000000002,47.62
1984,Laâyoune-Sakia El Hamra,38.9,19.23,26.05,14.04,20.485723684210527,61.61,5.17,19.54,8.03,11.33
1984,Marrakech-Safi,171.4,14.57,22.46,8.86,18.16559210526315,53.07,3.14,39.85,28.18,103.37
1984,Oriental,309.35,11.17,18.28,5.84,17.53809210526315,65.19,3.9,19.919999999999998,118.16,171.27
1984,Rabat-Salé-Kénitra,355.34,16.64,20.31,13.96,16.899868421052634,73.29,4.02,95.12,102.96000000000001,157.26
1984,Souss-Massa,157.88,17.64,24.33,12.56,19.814539473684217,53.63,3.45,62.94,37.29,57.65
1984,Tanger-Tétouan-Al Hoceïma,585.91,15.73,17.73,14.06,15.169671052631578,78.89,5.39,206.35,167.03,212.53
1985,Béni Mellal-Khénifra,350.38,12.81,20.32,7.1,15.935679012345679,55.27,2.69,80.71,161.68,107.99
1985,Casablanca-Settat,297.61,15.86,21.01,12.05,15.657242798353913,72.23,4.3,119.32,132.77,45.52
1985,Drâa-Tafilalet,171.74,11.7,19.78,5.1,17.162098765432095,46.93,3.74,28.900000000000002,61.46,81.38
1985,Ed Dakhla-Oued Ed Dahab,3.24,18.89,20.73,17.39,21.15292181069958,76.36,6.03,1.25,1.85,0.14
1985,Fès-Meknès,373.15,14.04,21.48,8.45,14.896913580246908,60.01,3.88,110.47,126.8,135.88
1985,Guelmim-Oued Noun,251.05,16.45,23.33,11.41,17.78596707818931,60.92,4.91,39.81,187.52,23.72
1985,Laâyoune-Sakia El Hamra,95.39,18.52,25.26,13.33,18.404691358024692,63.86,4.86,15.13,57.410000000000004,22.85
1985,Marrakech-Safi,260.04,13.97,21.92,8.09,16.238271604938276,55.19,3.31,75.15,148.67,36.22
1985,Oriental,302.44,10.99,18.15,5.48,15.695596707818947,65.55,4.05,105.84,69.76,126.84
1985,Rabat-Salé-Kénitra,270.06,16.26,20.29,13.21,15.239053497942384,71.46,4.43,99.68,112.55,57.830000000000005
1985,Souss-Massa,289.0,17.01,23.57,11.9,17.34954732510288,57.12,3.6,103.81,165.62,19.57
1985,Tanger-Tétouan-Al Hoceïma,372.89,15.52,17.72,13.67,14.282263374485595,77.72,5.24,129.4,169.28,74.21000000000001
1986,Béni Mellal-Khénifra,343.74,13.1,20.26,7.67,16.0022633744856,57.78,2.63,59.980000000000004,138.49,145.27
1986,Casablanca-Settat,309.14,16.02,20.81,12.49,15.668518518518521,73.06,3.95,34.53,177.62,96.99
1986,Drâa-Tafilalet,135.25,12.24,20.29,5.68,17.197530864197525,47.79,3.78,34.78,58.74,41.73
1986,Ed Dakhla-Oued Ed Dahab,10.68,18.57,20.52,16.99,19.773045267489717,77.28,6.46,9.4,0.78,0.5
1986,Fès-Meknès,525.49,14.14,20.85,8.99,14.540452674897116,65.67,3.69,94.92,258.23,172.34
1986,Guelmim-Oued Noun,189.4,16.85,23.76,11.86,17.46736625514404,60.67,4.87,26.35,103.03,60.02
1986,Laâyoune-Sakia El Hamra,112.92,18.59,25.49,13.36,18.19382716049383,64.91,5.26,36.43,59.5,16.99
1986,Marrakech-Safi,179.91,14.49,22.24,8.7,16.5377366255144,54.14,3.11,31.91,84.1,63.9
1986,Oriental,455.42,11.44,18.21,6.28,15.580041152263364,68.28,4.08,72.56,246.93,135.93
1986,Rabat-Salé-Kénitra,314.2,16.4,20.04,13.58,15.301234567901234,73.13,4.01,45.59,168.53,100.08
1986,Souss-Massa,175.8,17.65,24.45,12.39,17.423539094650216,54.36,3.49,17.24,93.89999999999999,64.66
1986,Tanger-Tétouan-Al Hoceïma,426.26,15.67,17.86,13.76,13.988518518518523,77.3,5.04,119.77,202.14,104.35
1987,Béni Mellal-Khénifra,704.42,13.65,20.73,8.36,15.983333333333336,58.71,2.42,124.39999999999999,554.99,25.03
1987,Casablanca-Settat,457.53,16.21,21.2,12.62,15.59930041152263,74.93,3.81,92.31,328.64,36.58
1987,Drâa-Tafilalet,218.4,12.81,20.77,6.39,16.665349794238683,49.03,3.52,70.62,109.13,38.65
1987,Ed Dakhla-Oued Ed Dahab,4.46,18.73,20.79,17.1,19.37181069958848,77.35,6.29,3.9799999999999995,0.16999999999999998,0.31
1987,Fès-Meknès,491.36,14.82,21.93,9.47,14.981069958847735,63.19,3.36,100.61,357.2,33.550000000000004
1987,Guelmim-Oued Noun,137.79,17.41,24.56,12.25,17.29065843621399,57.18,4.67,15.299999999999999,92.13,30.36
1987,Laâyoune-Sakia El Hamra,49.07,19.2,26.37,13.73,18.013703703703698,60.99,5.2,9.270000000000001,10.88,28.92
1987,Marrakech-Safi,215.15,15.21,23.17,9.43,16.24102880658437,52.92,3.07,62.76,140.45000000000002,11.94
1987,Oriental,419.5,11.61,18.68,6.22,15.529917695473257,68.97,3.87,202.41,187.35,29.74
1987,Rabat-Salé-Kénitra,384.98,16.57,20.4,13.76,15.2929218106996,74.56,3.76,97.85000000000001,267.51,19.62
1987,Souss-Massa,275.36,17.95,24.6,12.82,17.05654320987655,55.03,3.18,20.16,231.48,23.72
1987,Tanger-Tétouan-Al Hoceïma,442.43,15.99,18.3,14.05,13.976172839506173,78.35,4.94,148.03,246.99,47.41
1988,Béni Mellal-Khénifra,521.7,12.87,19.68,7.71,15.760204918032793,63.93,2.48,147.68,270.36,103.66
1988,Casablanca-Settat,447.08,15.87,20.3,12.55,15.436721311475406,76.68,4.1,143.75,231.95000000000002,71.38
1988,Drâa-Tafilalet,224.25,12.58,20.18,6.24,16.65434426229508,51.67,3.7,54.13,121.61,48.51
1988,Ed Dakhla-Oued Ed Dahab,49.79,19.02,20.76,17.59,19.29524590163935,80.03,6.17,1.65,44.7,3.44
1988,Fès-Meknès,569.99,13.96,20.61,8.96,14.515901639344262,69.71,3.27,198.54,251.24,120.21000000000001
1988,Guelmim-Oued Noun,354.5,16.58,23.26,11.76,17.724262295081957,65.39,4.72,46.47,251.26,56.77
1988,Laâyoune-Sakia El Hamra,151.82,18.81,25.31,13.89,18.184180327868845,66.95,5.2,43.28,96.53999999999999,12.0
1988,Marrakech-Safi,339.7,14.21,21.71,8.64,16.282663934426235,61.35,3.14,85.53,197.4,56.77
1988,Oriental,352.59,12.04,19.05,6.76,15.878360655737712,67.04,3.88,105.46000000000001,152.77,94.36
1988,Rabat-Salé-Kénitra,397.24,16.26,19.69,13.66,15.218032786885239,76.17,4.01,140.25,179.87,77.12
1988,Souss-Massa,465.05,17.31,23.65,12.35,17.375655737704918,62.37,3.44,95.2,289.66,80.19
1988,Tanger-Tétouan-Al Hoceïma,503.65,15.88,18.01,14.01,13.76069672131147,79.55,4.75,188.38,238.16,77.11
1989,Béni Mellal-Khénifra,537.2,12.63,19.59,7.44,15.919176954732512,60.19,2.58,134.06,152.64000000000001,250.5
1989,Casablanca-Settat,391.78,15.94,21.0,12.27,15.920823045267483,72.75,3.95,111.05,104.48,176.25
1989,Drâa-Tafilalet,233.95,11.24,18.49,5.26,17.053909465020567,52.88,3.47,126.13,54.46,53.36
1989,Ed Dakhla-Oued Ed Dahab,11.13,18.84,20.77,17.23,20.661028806584365,76.47,6.19,4.43,6.58,0.12000000000000001
1989,Fès-Meknès,486.73,14.23,21.44,8.91,14.751234567901236,61.61,3.58,124.67,113.94,248.12
1989,Guelmim-Oued Noun,358.03,16.04,22.59,11.21,17.521687242798365,62.25,5.22,243.15,63.879999999999995,51.0
1989,Laâyoune-Sakia El Hamra,165.46,18.43,25.18,13.29,18.24670781893004,61.51,5.29,61.93000000000001,83.82000000000001,19.71
1989,Marrakech-Safi,307.41,13.95,21.49,8.41,16.230288065843624,57.78,3.23,134.21,79.13,94.07000000000001
1989,Oriental,365.18,11.41,18.71,5.99,15.87711934156378,63.3,4.01,55.69,92.14,217.35
1989,Rabat-Salé-Kénitra,377.37,16.35,20.26,13.46,15.650411522633737,72.41,3.99,113.88,107.7,155.79
1989,Souss-Massa,323.7,17.07,23.45,12.05,17.48687242798354,58.82,3.63,189.13,72.22,62.35
1989,Tanger-Tétouan-Al Hoceïma,581.32,15.8,17.82,14.13,14.086378600823048,80.26,5.47,252.12,187.95000000000002,141.25
1990,Béni Mellal-Khénifra,522.49,14.05,21.09,8.77,16.263251028806575,60.68,2.62,154.88,155.19,212.42
1990,Casablanca-Settat,388.92,16.8,21.71,13.27,15.86403292181069,75.06,4.22,120.09,135.41,133.42
1990,Drâa-Tafilalet,274.03,12.49,19.67,6.67,17.058559670781893,55.21,3.5,83.88,73.98,116.17
1990,Ed Dakhla-Oued Ed Dahab,76.32,19.36,21.24,17.85,20.552798353909466,77.32,5.82,0.8500000000000001,70.83,4.64
1990,Fès-Meknès,592.53,15.29,22.29,10.15,15.09329218106995,65.99,3.41,164.93,199.69,227.91
1990,Guelmim-Oued Noun,251.15,17.57,24.32,12.68,17.49654320987654,61.47,4.55,96.03,102.85,52.269999999999996
1990,Laâyoune-Sakia El Hamra,124.52,19.6,26.28,14.54,18.394320987654325,63.69,5.29,28.56,68.69,27.27
1990,Marrakech-Safi,276.32,15.33,23.05,9.6,16.35407407407408,56.75,3.39,83.78999999999999,86.66,105.87
1990,Oriental,409.9,12.66,19.73,7.42,16.142016460905353,65.7,3.91,65.62,152.32,191.96
1990,Rabat-Salé-Kénitra,418.38,17.17,20.92,14.38,15.560987654320979,75.3,4.07,149.48,144.15,124.75
1990,Souss-Massa,314.56,18.25,24.51,13.31,17.39971193415637,58.4,3.4,116.36,115.25,82.95
1990,Tanger-Tétouan-Al Hoceïma,783.37,16.34,18.29,14.68,13.938765432098775,81.18,5.55,292.4,306.95,184.02
1991,Béni Mellal-Khénifra,612.55,12.17,18.79,7.14,16.091275720164614,63.16,2.51,60.17,257.40999999999997,294.97
1991,Casablanca-Settat,488.9,15.49,20.09,12.05,15.679958847736625,75.17,3.94,71.59,246.41,170.9
1991,Drâa-Tafilalet,256.54,11.36,19.03,5.13,17.36098765432099,53.67,3.6,18.169999999999998,106.04,132.32999999999998
1991,Ed Dakhla-Oued Ed Dahab,28.38,18.92,20.67,17.45,20.58069958847736,78.6,6.33,0.0,28.38,0.0
1991,Fès-Meknès,630.55,13.29,19.92,8.27,14.563703703703704,68.81,3.49,127.03999999999999,277.93,225.57999999999998
1991,Guelmim-Oued Noun,271.18,16.25,22.88,11.5,17.8477366255144,64.37,5.03,11.14,187.64000000000001,72.4
1991,Laâyoune-Sakia El Hamra,78.09,18.51,25.23,13.42,18.338148148148143,65.77,5.12,9.620000000000001,51.22,17.25
1991,Marrakech-Safi,328.99,13.59,21.02,8.1,16.47390946502058,60.0,3.16,17.939999999999998,189.89,121.16
1991,Oriental,581.67,10.37,17.0,5.26,15.623580246913583,71.37,3.86,70.89,214.85,295.93
1991,Rabat-Salé-Kénitra,480.48,15.91,19.43,13.18,15.081934156378598,74.62,3.98,75.29,238.03,167.16
1991,Souss-Massa,312.39,16.85,23.4,11.7,17.999218106995883,59.6,3.53,9.99,213.91,88.49000000000001
1991,Tanger-Tétouan-Al Hoceïma,498.19,15.21,17.35,13.3,13.51325102880659,77.14,5.16,130.41,247.99,119.78999999999999
1992,Béni Mellal-Khénifra,379.26,12.91,20.1,7.57,16.66049180327869,55.91,2.52,52.61,100.99,225.66
1992,Casablanca-Settat,270.4,16.05,21.11,12.44,16.2141393442623,72.16,3.87,81.2,47.269999999999996,141.93
1992,Drâa-Tafilalet,156.72,11.02,18.46,5.03,17.596721311475413,51.15,3.55,31.93,53.52,71.27
1992,Ed Dakhla-Oued Ed Dahab,164.27,18.93,20.76,17.37,20.47053278688525,78.48,6.36,0.0,164.27,0.0
1992,Fès-Meknès,374.95,14.3,21.6,8.83,15.337049180327867,58.63,3.65,60.5,71.51,242.94
1992,Guelmim-Oued Noun,113.05,16.86,23.72,11.84,17.39516393442623,57.77,5.15,27.400000000000002,53.33,32.32
1992,Laâyoune-Sakia El Hamra,137.21,18.39,25.08,13.32,18.026926229508195,64.73,5.33,15.55,110.97,10.69
1992,Marrakech-Safi,172.73,14.41,22.15,8.66,16.89397540983607,52.3,3.27,28.11,54.67,89.95
1992,Oriental,420.05,10.46,17.44,5.25,16.10766393442623,66.91,3.94,58.48,64.32,297.25
1992,Rabat-Salé-Kénitra,282.75,16.44,20.4,13.51,15.912049180327868,71.31,3.9,77.53,59.0,146.22
1992,Souss-Massa,157.25,17.71,24.28,12.58,17.74524590163934,53.41,3.74,45.31,80.21,31.73
1992,Tanger-Tétouan-Al Hoceïma,377.09,15.65,17.85,13.8,14.803524590163928,76.82,5.52,148.97,137.96,90.16
1993,Béni Mellal-Khénifra,357.79,12.27,19.59,6.84,16.232510288065836,56.68,2.49,65.42999999999999,117.54,174.82000000000002
1993,Casablanca-Settat,201.44,15.55,20.64,11.91,16.07205761316872,71.19,3.83,56.06,43.58,101.8
1993,Drâa-Tafilalet,152.95,11.36,19.05,5.13,17.65510288065844,48.16,3.61,30.73,64.03,58.19
1993,Ed Dakhla-Oued Ed Dahab,6.95,18.77,20.61,17.23,20.313004115226324,75.42,6.41,0.24000000000000002,3.3,3.41
1993,Fès-Meknès,378.45,13.52,20.89,8.04,15.011893004115235,60.92,3.45,101.16,75.66,201.63
1993,Guelmim-Oued Noun,89.19,16.0,22.69,11.14,18.122139917695474,58.91,5.07,6.470000000000001,58.379999999999995,24.34
1993,Laâyoune-Sakia El Hamra,52.05,18.07,24.56,13.2,18.415226337448548,62.35,5.15,6.61,20.93,24.51
1993,Marrakech-Safi,143.23,13.69,21.53,7.81,16.597407407407406,53.09,3.16,28.12,71.81,43.3
1993,Oriental,393.9,10.6,17.88,5.1,16.3288477366255,65.19,3.9,50.97,129.37,213.56
1993,Rabat-Salé-Kénitra,225.2,15.91,19.79,13.01,15.655761316872425,71.23,3.77,59.31,44.83,121.06
1993,Souss-Massa,151.42,16.73,23.29,11.58,18.106872427983536,55.48,3.56,14.82,97.09,39.51
1993,Tanger-Tétouan-Al Hoceïma,466.56,15.24,17.41,13.44,14.127407407407404,78.28,5.13,112.5,153.2,200.85999999999999
1994,Béni Mellal-Khénifra,487.55,12.34,19.31,7.09,16.24592592592592,63.02,2.48,189.86,236.72,60.97
1994,Casablanca-Settat,408.74,15.23,20.0,11.74,15.804074074074066,76.59,4.05,185.23,176.97,46.54
1994,Drâa-Tafilalet,241.25,11.68,19.35,5.44,17.859835390946508,53.21,3.97,157.4,53.49,30.36
1994,Ed Dakhla-Oued Ed Dahab,6.9,18.26,20.21,16.65,20.5819341563786,77.12,6.9,1.6199999999999999,5.28,0.0
1994,Fès-Meknès,481.97,13.58,20.65,8.38,14.944156378600832,66.84,3.56,165.55,253.07999999999998,63.339999999999996
1994,Guelmim-Oued Noun,139.68,16.18,22.96,11.28,17.82522633744856,62.25,4.86,86.69,36.95,16.04
1994,Laâyoune-Sakia El Hamra,95.59,17.91,24.51,12.94,18.54728395061727,65.63,5.53,31.419999999999998,48.13,16.04
1994,Marrakech-Safi,319.39,13.41,20.87,8.0,16.56962962962963,62.4,3.05,152.11,114.92,52.36
1994,Oriental,372.8,11.16,18.17,5.93,16.506831275720167,68.86,3.97,138.06,153.95,80.79
1994,Rabat-Salé-Kénitra,371.15,15.69,19.46,12.85,15.119465020576136,75.53,4.14,172.61,163.0,35.54
1994,Souss-Massa,218.26,16.82,23.4,11.78,18.005761316872427,59.19,3.42,116.82,52.910000000000004,48.53
1994,Tanger-Tétouan-Al Hoceïma,419.87,15.25,17.55,13.33,14.3920987654321,78.42,5.01,220.07,141.15,58.65
1995,Béni Mellal-Khénifra,327.18,14.28,21.99,8.69,16.99168724279836,52.97,2.39,73.58,54.48,199.12
1995,Casablanca-Settat,238.05,16.61,22.05,12.79,16.392469135802468,73.47,3.76,72.42,67.0,98.63
1995,Drâa-Tafilalet,273.08,12.48,20.02,6.38,17.605308641975302,51.63,3.36,128.72,10.969999999999999,133.39
1995,Ed Dakhla-Oued Ed Dahab,8.15,19.21,21.39,17.43,20.831728395061734,74.35,6.53,0.24000000000000002,7.84,0.07
1995,Fès-Meknès,257.65,15.27,22.86,9.74,15.762098765432086,59.17,3.31,90.45,45.39,121.81
1995,Guelmim-Oued Noun,187.98,17.49,24.68,12.38,18.09975308641975,57.8,4.7,43.78,56.15,88.05
1995,Laâyoune-Sakia El Hamra,86.32,18.97,25.91,13.77,18.656790123456783,61.73,5.38,21.05,5.95,59.32
1995,Marrakech-Safi,308.1,15.3,23.34,9.43,17.080987654320992,53.63,3.01,71.41,53.79,182.9
1995,Oriental,362.05,11.98,19.24,6.41,16.77074074074075,66.02,3.77,101.99,61.99,198.07
1995,Rabat-Salé-Kénitra,177.5,16.98,21.17,13.98,15.924897119341564,73.21,3.66,53.93000000000001,49.17999999999999,74.39
1995,Souss-Massa,170.24,18.73,25.61,13.4,18.214032921810702,52.22,3.35,49.51,33.97,86.76
1995,Tanger-Tétouan-Al Hoceïma,186.01,16.16,18.67,14.12,14.94139917695473,77.42,5.1,86.41,37.440000000000005,62.16
1996,Béni Mellal-Khénifra,755.67,13.21,19.49,8.39,15.414303278688509,65.3,2.67,75.58,435.58,244.51
1996,Casablanca-Settat,646.5,16.81,21.24,13.48,15.165532786885242,74.91,4.48,66.3,403.14,177.06
1996,Drâa-Tafilalet,357.61,11.96,19.18,6.08,17.112581967213114,57.58,3.72,85.46,158.32,113.83
1996,Ed Dakhla-Oued Ed Dahab,46.3,19.93,21.69,18.49,20.508688524590163,77.77,5.91,7.53,25.76,13.01
1996,Fès-Meknès,841.89,14.75,21.08,9.91,13.989836065573774,67.94,3.72,82.49,462.25,297.15
1996,Guelmim-Oued Noun,304.57,17.41,23.63,12.8,17.040368852459018,64.75,4.76,33.33,180.88,90.36
1996,Laâyoune-Sakia El Hamra,134.11,19.62,25.79,14.84,18.26459016393442,65.83,4.99,11.47,75.22,47.42
1996,Marrakech-Safi,404.76,14.79,21.9,9.45,15.888852459016393,61.57,3.33,28.89,265.93,109.94
1996,Oriental,483.23,11.87,18.4,6.86,15.228770491803278,69.18,4.36,50.46,234.13,198.64000000000001
1996,Rabat-Salé-Kénitra,626.91,17.19,20.68,14.52,14.733360655737703,74.44,4.54,57.82,384.36,184.73
1996,Souss-Massa,451.05,17.74,23.43,13.23,16.8907786885246,63.57,3.5,42.36,318.62,90.07
1996,Tanger-Tétouan-Al Hoceïma,833.27,16.36,18.34,14.66,13.246229508196727,79.9,5.42,77.46,555.58,200.23
1997,Béni Mellal-Khénifra,671.95,13.74,20.53,8.62,17.18670781893004,60.95,2.58,46.79,381.12,244.04
1997,Casablanca-Settat,600.23,16.85,21.77,13.34,16.419753086419743,75.59,4.18,58.58,411.76,129.89000000000001
1997,Drâa-Tafilalet,230.37,12.77,20.3,6.53,18.838189300411514,48.9,3.4,6.36,117.36,106.65
1997,Ed Dakhla-Oued Ed Dahab,54.3,19.84,21.91,18.14,20.32008230452676,73.85,6.08,1.06,5.02,48.22
1997,Fès-Meknès,711.74,14.91,21.85,9.69,15.483621399176949,66.32,3.6,58.169999999999995,463.98,189.59
1997,Guelmim-Oued Noun,223.57,17.6,24.39,12.66,18.243333333333343,59.22,4.57,25.419999999999998,134.25,63.9
1997,Laâyoune-Sakia El Hamra,112.2,19.46,26.22,14.36,18.938148148148134,62.65,5.11,12.87,71.95,27.38
1997,Marrakech-Safi,376.2,15.19,22.65,9.72,17.624855967078183,58.05,3.19,50.46,174.04,151.7
1997,Oriental,231.57,12.21,19.64,6.64,16.715514403292172,63.61,3.95,21.74,134.68,75.15
1997,Rabat-Salé-Kénitra,528.62,17.18,21.0,14.34,15.726131687242793,75.32,4.23,53.29,360.02,115.31
1997,Souss-Massa,381.85,18.12,24.26,13.35,18.354197530864198,59.71,3.31,78.19,220.96,82.7
1997,Tanger-Tétouan-Al Hoceïma,704.69,16.06,18.18,14.24,14.538559670781886,81.1,5.44,127.12,509.63,67.94
1998,Béni Mellal-Khénifra,443.03,13.8,20.81,8.43,17.1420987654321,61.58,2.6,108.4,260.09,74.54
1998,Casablanca-Settat,327.65,17.2,22.15,13.6,16.1298353909465,73.78,4.23,111.56,174.22,41.87
1998,Drâa-Tafilalet,143.49,13.1,20.98,6.58,18.967201646090537,49.74,3.62,18.259999999999998,92.71000000000001,32.52
1998,Ed Dakhla-Oued Ed Dahab,53.83,19.9,21.96,18.24,20.15209876543211,76.86,6.23,0.05,21.049999999999997,32.730000000000004
1998,Fès-Meknès,649.9,14.69,21.27,9.73,15.008971193415633,69.88,3.51,214.16,321.82,113.92
1998,Guelmim-Oued Noun,137.41,17.96,24.72,13.06,17.918930041152265,58.89,5.16,20.6,94.39999999999999,22.41
1998,Laâyoune-Sakia El Hamra,50.73,19.98,26.57,14.98,18.368683127572023,61.15,5.2,6.8,28.62,15.31
1998,Marrakech-Safi,197.9,15.38,23.15,9.58,17.97683127572017,55.92,3.38,46.5,121.36999999999999,30.03
1998,Oriental,288.84,12.11,19.08,6.82,16.775185185185187,66.47,4.14,65.02,136.16,87.66
1998,Rabat-Salé-Kénitra,372.09,17.51,21.24,14.74,15.407366255144037,74.6,4.21,116.49,211.13,44.47
1998,Souss-Massa,245.01,18.58,25.11,13.46,18.068148148148154,57.12,3.7,45.43,166.64000000000001,32.94
1998,Tanger-Tétouan-Al Hoceïma,594.62,16.44,18.51,14.63,14.298930041152254,80.0,5.3,219.89000000000001,289.88,84.85
1999,Béni Mellal-Khénifra,332.32,13.65,21.31,7.96,18.000946502057616,51.81,2.57,7.05,251.49,73.78
1999,Casablanca-Settat,285.65,15.94,21.2,12.16,16.995596707818923,73.69,3.9,10.16,227.35,48.14
1999,Drâa-Tafilalet,115.16,12.8,20.88,6.09,19.316913580246922,43.1,3.58,5.7,66.76,42.699999999999996
1999,Ed Dakhla-Oued Ed Dahab,5.3,18.59,20.65,16.93,20.82728395061728,77.02,6.78,1.7999999999999998,3.3399999999999994,0.16
1999,Fès-Meknès,317.65,14.54,22.14,8.81,16.433333333333334,59.2,3.35,22.970000000000002,226.42,68.26
1999,Guelmim-Oued Noun,108.38,17.4,24.6,12.12,18.149300411522642,56.31,4.76,1.7800000000000002,80.3,26.3
1999,Laâyoune-Sakia El Hamra,90.15,18.6,25.61,13.3,19.005761316872423,63.32,5.55,1.96,62.96,25.23
1999,Marrakech-Safi,246.02,14.81,22.91,8.83,18.29855967078189,51.48,3.16,5.609999999999999,172.36,68.05
1999,Oriental,333.93,11.31,18.84,5.59,17.05637860082305,65.27,3.79,62.13,201.04,70.76
1999,Rabat-Salé-Kénitra,253.42,16.3,20.37,13.31,16.31415637860082,73.37,3.82,6.61,203.7,43.11
1999,Souss-Massa,177.7,18.21,25.13,12.77,19.011851851851855,51.32,3.48,1.03,107.64,69.03
1999,Tanger-Tétouan-Al Hoceïma,274.68,15.71,18.29,13.54,15.335308641975308,76.01,4.59,13.11,174.44,87.13
2000,Béni Mellal-Khénifra,329.3,13.66,21.25,7.99,17.125614754098372,55.42,2.6,141.93,76.13,111.24000000000001
2000,Casablanca-Settat,291.62,16.27,21.49,12.57,16.44151639344262,74.13,3.86,149.12,71.1,71.4
2000,Drâa-Tafilalet,145.54,12.31,20.16,5.95,18.482581967213115,45.57,3.63,71.97,17.470000000000002,56.1
2000,Ed Dakhla-Oued Ed Dahab,10.91,18.96,21.08,17.21,20.523401639344257,75.14,6.37,5.87,5.04,0.0
2000,Fès-Meknès,377.94,14.82,22.42,9.24,15.51364754098362,61.44,3.42,135.82999999999998,78.18,163.93
2000,Guelmim-Oued Noun,137.31,16.9,24.0,11.67,17.94385245901639,56.66,4.85,93.44,23.45,20.42
2000,Laâyoune-Sakia El Hamra,162.36,18.4,25.23,13.27,18.774672131147547,63.76,5.1,104.64999999999999,28.200000000000003,29.51
2000,Marrakech-Safi,226.94,14.66,22.68,8.69,17.313032786885255,54.95,3.22,119.08,63.12,44.74
2000,Oriental,243.28,11.76,19.56,5.97,16.84504098360655,62.36,3.87,100.78999999999999,80.39,62.1
2000,Rabat-Salé-Kénitra,298.6,16.63,20.7,13.69,15.945286885245904,74.11,3.84,139.46,71.48,87.66
2000,Souss-Massa,209.46,17.55,24.13,12.41,18.282868852459025,55.41,3.37,105.5,53.37,50.59
2000,Tanger-Tétouan-Al Hoceïma,505.49,15.81,18.03,13.99,14.294754098360649,79.09,5.23,195.89000000000001,92.41000000000001,217.19
2001,Béni Mellal-Khénifra,407.06,13.44,20.85,7.77,17.663045267489707,57.52,2.64,141.59,221.07,44.4
2001,Casablanca-Settat,344.2,16.3,21.37,12.64,16.555144032921806,73.85,4.19,85.95,217.23,41.02
2001,Drâa-Tafilalet,149.85,12.85,21.17,6.1,19.50102880658436,44.64,3.69,79.45,40.51,29.89
2001,Ed Dakhla-Oued Ed Dahab,3.74,18.54,20.55,16.9,21.302880658436216,80.44,6.82,3.74,0.0,0.0
2001,Fès-Meknès,649.74,14.2,21.06,9.04,15.157037037037034,68.34,3.73,216.05,367.86,65.83
2001,Guelmim-Oued Noun,56.16,17.61,25.15,12.23,18.398765432098745,56.32,5.09,13.680000000000001,38.86,3.62
2001,Laâyoune-Sakia El Hamra,34.46,18.99,26.27,13.62,19.27674897119342,64.24,5.47,14.66,17.27,2.53
2001,Marrakech-Safi,142.83,15.12,23.52,8.81,18.699958847736625,50.99,3.43,38.589999999999996,85.72,18.52
2001,Oriental,362.05,11.82,19.03,6.42,16.550041152263375,65.39,4.28,146.7,173.81,41.54
2001,Rabat-Salé-Kénitra,407.13,16.58,20.39,13.79,15.69851851851852,74.89,4.3,113.55,248.68,44.9
2001,Souss-Massa,105.57,18.37,25.48,12.72,19.043827160493823,50.32,3.61,9.34,88.64999999999999,7.58
2001,Tanger-Tétouan-Al Hoceïma,613.75,15.87,18.13,13.92,14.312592592592594,79.74,4.91,143.24,382.37,88.14
2002,Béni Mellal-Khénifra,444.92,14.5,21.89,9.06,16.961234567901233,54.09,2.58,33.339999999999996,129.51,282.07
2002,Casablanca-Settat,327.3,16.87,21.94,13.3,15.997119341563787,72.69,4.08,19.11,148.92,159.27
2002,Drâa-Tafilalet,181.82,13.07,20.73,6.88,18.69037037037037,45.95,3.53,58.61,39.04,84.17
2002,Ed Dakhla-Oued Ed Dahab,21.63,19.61,21.64,18.06,20.696172839506172,76.45,6.05,2.96,18.4,0.27
2002,Fès-Meknès,442.54,15.57,23.0,10.12,15.15213991769547,59.27,3.49,50.22,132.13,260.19
2002,Guelmim-Oued Noun,164.31,17.94,24.7,13.06,17.63246913580246,54.78,5.1,5.86,49.53,108.92
2002,Laâyoune-Sakia El Hamra,121.97,19.56,26.26,14.61,18.53341563786007,61.15,5.33,42.89,34.85,44.23
2002,Marrakech-Safi,188.82,15.82,23.85,9.92,17.252098765432102,50.43,3.32,13.97,58.5,116.35000000000001
2002,Oriental,394.92,12.13,19.69,6.53,16.32300411522634,62.92,3.72,134.16,68.86,191.9
2002,Rabat-Salé-Kénitra,335.35,17.18,21.13,14.3,15.555061728395053,72.81,4.03,16.96,147.4,170.99
2002,Souss-Massa,248.84,18.69,25.13,13.66,17.80522633744856,52.64,3.5,5.91,118.59,124.34
2002,Tanger-Tétouan-Al Hoceïma,544.42,16.01,18.16,14.22,13.921563786008225,78.91,5.47,106.46000000000001,221.55,216.41
2003,Béni Mellal-Khénifra,486.63,13.97,21.06,8.62,17.15341563786007,59.65,2.6,218.07,159.98,108.58
2003,Casablanca-Settat,525.08,16.43,21.21,12.96,15.990041152263373,77.15,4.15,266.7,133.17,125.21
2003,Drâa-Tafilalet,111.49,13.28,21.29,6.78,19.25374485596709,44.53,3.77,39.489999999999995,35.339999999999996,36.66
2003,Ed Dakhla-Oued Ed Dahab,5.65,19.07,20.96,17.57,20.996748971193416,79.63,6.32,1.0899999999999999,1.1300000000000001,3.4299999999999997
2003,Fès-Meknès,697.19,14.74,21.47,9.63,14.896954732510277,68.12,3.57,281.85,265.90999999999997,149.43
2003,Guelmim-Oued Noun,167.69,17.78,24.81,12.75,17.876913580246903,60.52,4.71,103.7,46.57,17.419999999999998
2003,Laâyoune-Sakia El Hamra,82.29,19.52,26.28,14.43,18.837736625514403,65.81,5.13,15.92,51.55,14.82
2003,Marrakech-Safi,262.23,15.44,23.41,9.58,17.81382716049382,55.63,3.22,88.43,56.64,117.16
2003,Oriental,546.96,11.66,18.64,6.34,15.98930041152264,69.14,3.99,150.16,270.2,126.6
2003,Rabat-Salé-Kénitra,488.01,16.86,20.52,14.12,15.330658436213987,76.64,4.18,259.21,141.29,87.51
2003,Souss-Massa,230.27,18.34,24.96,13.25,18.400493827160496,56.78,3.38,106.67,52.11,71.49000000000001
2003,Tanger-Tétouan-Al Hoceïma,690.25,15.9,17.99,14.07,13.90238683127572,80.45,5.22,292.75,253.29999999999998,144.2
2004,Béni Mellal-Khénifra,480.42,12.95,19.89,7.86,16.392131147540997,61.87,2.63,153.01,154.69,172.72
2004,Casablanca-Settat,503.7,15.87,20.43,12.64,15.140696721311462,77.23,4.13,209.53,144.15,150.02
2004,Drâa-Tafilalet,283.14,12.03,19.75,5.74,18.962500000000006,51.21,3.7,54.33,84.82,143.99
2004,Ed Dakhla-Oued Ed Dahab,59.47,19.35,21.2,17.8,20.820778688524587,76.55,6.24,30.419999999999998,19.31,9.74
2004,Fès-Meknès,733.79,13.89,20.32,9.04,14.180532786885246,70.65,3.52,276.29,234.59,222.91
2004,Guelmim-Oued Noun,174.29,16.73,23.23,12.02,17.7955737704918,60.58,5.07,94.41,39.06,40.82
2004,Laâyoune-Sakia El Hamra,89.04,19.04,25.48,14.1,18.58114754098361,62.0,5.2,27.18,31.099999999999998,30.76
2004,Marrakech-Safi,236.13,14.27,21.96,8.64,17.0919262295082,58.07,3.27,96.97,58.78,80.38000000000001
2004,Oriental,638.71,11.09,17.83,6.04,15.873032786885256,72.37,3.96,187.70000000000002,181.65,269.36
2004,Rabat-Salé-Kénitra,494.74,16.33,19.81,13.76,14.575081967213109,76.86,4.18,182.59,180.33,131.82
2004,Souss-Massa,213.37,17.35,23.73,12.43,18.179221311475413,57.96,3.58,77.38,71.2,64.79
2004,Tanger-Tétouan-Al Hoceïma,728.33,15.69,17.69,13.97,13.16004098360655,80.63,4.92,283.16,231.28,213.89
2005,Béni Mellal-Khénifra,324.25,13.48,20.89,7.89,17.265349794238688,54.32,2.54,125.62,157.62,41.01
2005,Casablanca-Settat,269.32,15.94,20.97,12.32,16.268477366255148,72.16,3.78,133.57999999999998,111.71,24.03
2005,Drâa-Tafilalet,140.68,12.46,20.18,6.13,18.469012345679015,45.65,3.49,44.47,79.10000000000001,17.11
2005,Ed Dakhla-Oued Ed Dahab,44.55,18.92,20.7,17.48,20.418230452674884,79.13,6.27,4.46,21.66,18.43
2005,Fès-Meknès,352.31,14.48,21.86,8.99,15.85584362139917,60.76,3.34,158.52,138.45,55.339999999999996
2005,Guelmim-Oued Noun,142.28,16.85,23.76,11.89,17.51069958847737,58.0,5.16,50.68,68.63,22.97
2005,Laâyoune-Sakia El Hamra,95.44,18.77,25.36,13.8,17.907983539094666,63.22,5.34,13.43,70.77,11.24
2005,Marrakech-Safi,160.18,14.74,22.81,8.8,17.710864197530867,51.66,3.26,57.33,86.13,16.72
2005,Oriental,321.76,11.21,18.53,5.68,16.19897119341564,65.47,3.65,105.39999999999999,138.85999999999999,77.5
2005,Rabat-Salé-Kénitra,273.4,16.32,20.18,13.42,15.765349794238674,72.06,3.72,115.33,126.03999999999999,32.03
2005,Souss-Massa,176.67,17.7,24.36,12.45,18.452345679012353,53.75,3.46,56.19,91.07,29.409999999999997
2005,Tanger-Tétouan-Al Hoceïma,443.86,15.56,17.83,13.67,15.017448559670784,77.1,4.96,79.8,252.35000000000002,111.71000000000001
2006,Béni Mellal-Khénifra,609.54,13.08,19.8,7.96,16.381646090534968,62.84,2.54,128.91,350.62,130.01
2006,Casablanca-Settat,497.77,15.82,20.44,12.48,15.435843621399169,76.91,3.9,136.22,296.21,65.34
2006,Drâa-Tafilalet,242.25,12.29,19.72,6.26,18.414403292181078,51.82,3.62,41.47,115.32,85.46000000000001
2006,Ed Dakhla-Oued Ed Dahab,28.25,19.06,20.8,17.64,20.982181069958855,80.08,6.3,3.6399999999999997,22.84,1.77
2006,Fès-Meknès,636.54,14.29,20.99,9.23,14.635884773662536,67.62,3.34,152.58,320.35,163.61
2006,Guelmim-Oued Noun,228.39,16.84,23.42,12.13,17.00411522633745,63.92,4.86,63.269999999999996,139.32,25.8
2006,Laâyoune-Sakia El Hamra,207.01,18.47,24.78,13.71,18.340452674897122,69.82,5.06,58.800000000000004,136.72,11.49
2006,Marrakech-Safi,320.77,14.53,22.12,8.88,17.10139917695473,59.55,3.18,74.47,195.53,50.769999999999996
2006,Oriental,466.86,11.74,18.66,6.64,15.316584362139917,69.89,3.8,140.52,163.41,162.93
2006,Rabat-Salé-Kénitra,467.44,16.22,19.78,13.55,14.843744855967078,76.32,3.9,130.42000000000002,263.24,73.78
2006,Souss-Massa,270.85,17.54,23.77,12.66,18.0659670781893,58.9,3.38,56.89,181.3,32.660000000000004
2006,Tanger-Tétouan-Al Hoceïma,545.78,15.67,17.79,13.91,14.196008230452664,80.04,5.01,143.19,263.15,139.44
2007,Béni Mellal-Khénifra,350.53,13.58,20.96,8.03,17.150164609053494,53.35,2.48,76.99,109.19,164.35
2007,Casablanca-Settat,264.99,16.15,21.29,12.53,16.21362139917695,72.69,3.74,70.24,91.99,102.76
2007,Drâa-Tafilalet,318.32,12.04,19.41,6.0,18.608641975308643,51.79,3.49,81.50999999999999,105.92999999999999,130.88
2007,Ed Dakhla-Oued Ed Dahab,22.96,19.26,21.42,17.54,20.964897119341554,75.69,6.61,15.78,7.14,0.04
2007,Fès-Meknès,487.16,14.43,21.64,9.05,15.356131687242812,61.8,3.43,70.45,171.08,245.63000000000002
2007,Guelmim-Oued Noun,107.5,17.25,24.27,12.21,18.068230452674896,56.59,5.14,46.589999999999996,34.26,26.650000000000002
2007,Laâyoune-Sakia El Hamra,105.22,18.81,25.65,13.7,18.56152263374486,62.96,5.36,34.839999999999996,47.25,23.13
2007,Marrakech-Safi,210.4,14.69,22.58,8.81,17.834197530864206,52.2,3.08,49.69,71.41,89.3
2007,Oriental,373.55,11.77,19.01,6.38,15.792716049382712,64.23,3.85,38.63,114.95,219.97
2007,Rabat-Salé-Kénitra,311.72,16.52,20.42,13.68,15.710534979423871,72.95,3.76,68.64999999999999,114.52,128.55
2007,Souss-Massa,129.91,18.03,24.81,12.77,18.801193415637872,51.67,3.5,55.419999999999995,46.26,28.23
2007,Tanger-Tétouan-Al Hoceïma,491.66,15.96,18.16,14.16,14.649012345679019,79.84,4.95,174.85,165.67999999999998,151.13
2008,Béni Mellal-Khénifra,404.83,13.7,20.97,8.25,17.644508196721308,55.46,2.57,149.22,195.91,59.7
2008,Casablanca-Settat,288.6,16.56,21.73,12.93,16.46725409836065,72.28,3.84,108.56,122.22,57.82
2008,Drâa-Tafilalet,216.41,12.49,20.13,6.31,18.790491803278698,49.1,3.45,100.91,77.06,38.44
2008,Ed Dakhla-Oued Ed Dahab,17.44,19.2,21.17,17.63,20.77184426229508,78.81,6.18,0.0,11.18,6.26
2008,Fès-Meknès,442.38,14.71,22.01,9.35,15.62106557377049,61.32,3.51,123.26,206.93,112.19
2008,Guelmim-Oued Noun,92.78,17.84,24.98,12.74,18.29553278688524,55.72,5.0,50.21,36.09,6.48
2008,Laâyoune-Sakia El Hamra,56.38,19.43,26.31,14.3,18.952622950819663,63.39,5.28,14.79,35.79,5.8
2008,Marrakech-Safi,192.75,15.24,23.25,9.37,18.061803278688515,51.24,3.33,89.3,85.62,17.83
2008,Oriental,386.64,11.32,18.63,5.94,16.271270491803282,67.74,3.67,210.55,80.93,95.16
2008,Rabat-Salé-Kénitra,332.98,16.86,20.74,14.03,15.805368852459011,72.75,3.76,133.79999999999998,137.39,61.79
2008,Souss-Massa,179.14,18.33,24.96,13.07,18.914672131147537,52.78,3.5,78.24,86.77,14.129999999999999
2008,Tanger-Tétouan-Al Hoceïma,510.1,16.15,18.2,14.43,14.963647540983606,78.97,5.41,148.0,224.57999999999998,137.52
2009,Béni Mellal-Khénifra,687.82,11.7,17.99,6.74,16.630000000000006,68.65,2.52,254.35999999999999,311.46,122.0
2009,Casablanca-Settat,619.05,15.27,19.58,12.1,15.518847736625515,78.53,3.96,233.94,302.9,82.21
2009,Drâa-Tafilalet,301.0,10.53,17.66,4.67,18.665473251028796,59.51,3.68,199.51,52.6,48.89
2009,Ed Dakhla-Oued Ed Dahab,10.52,18.36,20.0,16.99,21.07572016460904,80.1,6.73,10.51,0.01,0.0
2009,Fès-Meknès,1037.15,13.06,19.08,8.4,14.508148148148148,73.94,3.99,337.85,548.82,150.48
2009,Guelmim-Oued Noun,291.45,15.92,22.37,11.29,17.832386831275713,65.66,5.57,70.91,166.99,53.550000000000004
2009,Laâyoune-Sakia El Hamra,99.29,17.94,24.17,13.25,18.709753086419767,68.41,5.58,29.720000000000002,47.53,22.04
2009,Marrakech-Safi,446.82,13.1,20.25,7.65,17.419341563786002,65.42,3.12,134.04,242.18,70.6
2009,Oriental,724.78,10.29,16.53,5.45,15.732674897119336,75.54,4.58,308.06,299.75,116.97
2009,Rabat-Salé-Kénitra,682.96,15.68,18.98,13.15,15.08489711934157,78.15,4.18,286.36,324.71,71.89
2009,Souss-Massa,369.88,16.48,22.83,11.48,18.631111111111117,61.72,3.79,117.8,218.36,33.72
2009,Tanger-Tétouan-Al Hoceïma,731.94,15.02,17.03,13.28,14.147530864197536,79.99,5.56,303.93,330.31,97.7
2010,Béni Mellal-Khénifra,760.47,14.29,20.76,9.21,16.41934156378601,63.35,2.82,36.72,555.68,168.07
2010,Casablanca-Settat,570.08,17.13,21.73,13.83,15.357983539094656,76.34,4.47,53.43,399.99,116.66
2010,Drâa-Tafilalet,197.46,13.61,21.44,7.4,18.569341563786022,50.69,3.71,8.940000000000001,139.12,49.4
2010,Ed Dakhla-Oued Ed Dahab,17.22,20.06,21.88,18.63,21.121028806584363,80.61,6.15,0.61,9.36,7.25
2010,Fès-Meknès,1115.7,15.31,21.6,10.52,14.610452674897118,69.08,4.01,79.24000000000001,694.7,341.76
2010,Guelmim-Oued Noun,264.4,18.22,24.96,13.31,17.00045267489712,62.15,4.75,3.68,243.54,17.18
2010,Laâyoune-Sakia El Hamra,70.96,20.11,26.92,15.07,18.38765432098765,66.89,5.12,1.53,63.809999999999995,5.62
2010,Marrakech-Safi,299.83,16.01,23.65,10.23,17.47695473251028,56.66,3.4,13.35,241.32,45.160000000000004
2010,Oriental,430.54,12.47,19.26,7.35,15.7579012345679,68.95,4.39,38.41,211.22,180.91
2010,Rabat-Salé-Kénitra,665.38,17.48,20.96,14.89,14.96473251028806,76.47,4.57,58.059999999999995,461.7,145.62
2010,Souss-Massa,432.07,18.6,24.59,13.84,17.91851851851852,60.54,3.33,5.36,379.46,47.25
2010,Tanger-Tétouan-Al Hoceïma,1170.36,16.4,18.44,14.54,13.941893004115222,80.0,5.38,60.41,889.72,220.23
2011,Béni Mellal-Khénifra,752.93,13.33,19.97,8.36,16.458765432098783,63.46,2.68,229.23000000000002,201.0,322.7
2011,Casablanca-Settat,685.27,16.58,21.36,13.12,15.704156378600821,75.59,4.2,289.77,186.76,208.74
2011,Drâa-Tafilalet,209.37,12.31,19.93,6.17,18.30045267489713,49.31,3.48,32.480000000000004,27.32,149.57
2011,Ed Dakhla-Oued Ed Dahab,50.7,19.63,21.35,18.2,21.26893004115226,78.43,5.94,43.23,0.75,6.72
2011,Fès-Meknès,992.42,14.5,21.1,9.49,14.79078189300412,69.01,3.68,348.57,348.82,295.03
2011,Guelmim-Oued Noun,354.84,17.39,24.1,12.47,17.684897119341567,61.08,4.84,85.41,78.55,190.88
2011,Laâyoune-Sakia El Hamra,235.18,19.06,25.48,14.21,18.544485596707815,68.3,4.8,41.55,66.94,126.69
2011,Marrakech-Safi,367.22,15.07,22.69,9.45,17.11135802469135,56.71,3.42,64.03,100.4,202.79
2011,Oriental,393.75,11.85,18.83,6.56,15.621481481481487,66.49,4.19,98.12,94.56,201.07
2011,Rabat-Salé-Kénitra,686.11,16.96,20.65,14.21,15.320617283950618,75.22,4.18,270.4,234.42000000000002,181.29
2011,Souss-Massa,511.39,17.66,23.79,12.9,17.9082304526749,61.44,3.51,102.43,159.02,249.94
2011,Tanger-Tétouan-Al Hoceïma,940.28,16.06,18.0,14.41,13.96897119341563,80.26,5.47,264.52,426.08,249.68
2012,Béni Mellal-Khénifra,481.63,12.76,19.88,7.42,17.647008196721316,56.6,2.48,256.65999999999997,70.02,154.95
2012,Casablanca-Settat,322.42,15.79,21.03,12.01,16.874139344262286,72.23,3.81,191.79,39.7,90.93
2012,Drâa-Tafilalet,250.41,11.32,18.79,5.34,18.918114754098365,50.42,3.44,88.63,28.82,132.96
2012,Ed Dakhla-Oued Ed Dahab,17.97,18.7,20.86,16.95,20.471639344262314,74.27,6.93,0.05,0.06,17.86
2012,Fès-Meknès,569.65,13.82,20.88,8.45,16.18622950819673,63.36,3.43,321.51,83.91,164.23
2012,Guelmim-Oued Noun,82.42,17.04,24.27,11.79,18.023852459016393,53.23,4.73,59.36,5.92,17.14
2012,Laâyoune-Sakia El Hamra,33.71,18.62,25.67,13.34,18.56188524590163,61.31,5.28,10.55,9.42,13.739999999999998
2012,Marrakech-Safi,212.43,14.37,22.36,8.46,18.168893442622945,50.99,3.12,108.68,35.16,68.59
2012,Oriental,439.64,10.69,17.84,5.26,16.585122950819674,66.78,3.76,175.02,109.88,154.74
2012,Rabat-Salé-Kénitra,390.58,16.13,20.08,13.16,16.530204918032798,72.39,3.8,246.79,45.19,98.60000000000001
2012,Souss-Massa,155.93,17.58,24.36,12.29,19.07741803278688,50.35,3.44,93.92,31.37,30.64
2012,Tanger-Tétouan-Al Hoceïma,348.43,15.61,17.95,13.68,15.633606557377052,76.01,5.07,184.56,72.0,91.87
2013,Béni Mellal-Khénifra,673.76,12.69,19.28,7.6,17.104115226337445,64.58,2.64,299.94,122.79,251.03
2013,Casablanca-Settat,507.24,15.88,20.5,12.51,15.824238683127575,76.67,4.21,230.11,95.65,181.48
2013,Drâa-Tafilalet,163.76,12.43,20.54,6.01,19.379588477366262,48.61,3.98,89.76,18.96,55.04
2013,Ed Dakhla-Oued Ed Dahab,3.86,19.25,21.28,17.57,21.43440329218107,76.69,6.68,0.86,0.0,3.0
2013,Fès-Meknès,1015.81,13.72,19.92,8.96,14.73411522633745,71.59,3.89,373.5,308.56,333.75
2013,Guelmim-Oued Noun,176.63,16.99,23.94,12.02,18.13872427983539,60.33,5.13,70.17,15.85,90.61
2013,Laâyoune-Sakia El Hamra,107.57,18.93,25.82,13.8,18.76448559670782,64.06,5.11,57.91,6.640000000000001,43.019999999999996
2013,Marrakech-Safi,268.19,14.44,22.28,8.66,18.21325102880658,57.2,3.23,105.96000000000001,45.82,116.41000000000001
2013,Oriental,646.41,11.15,17.65,6.14,15.803497942386839,71.8,4.47,285.9,193.94,166.57
2013,Rabat-Salé-Kénitra,612.42,16.24,19.65,13.7,15.332962962962958,77.11,4.29,277.69,132.6,202.13
2013,Souss-Massa,357.53,17.35,23.89,12.27,18.970781893004105,59.27,3.57,144.17,28.04,185.32
2013,Tanger-Tétouan-Al Hoceïma,766.29,15.63,17.72,13.84,14.228148148148136,79.51,4.85,311.59,181.06,273.64
2014,Béni Mellal-Khénifra,362.14,13.9,21.24,8.31,17.63353909465021,56.05,2.5,75.28,178.58,108.28
2014,Casablanca-Settat,300.29,16.33,21.42,12.65,16.403292181069958,74.33,3.96,60.22,165.61,74.46000000000001
2014,Drâa-Tafilalet,113.6,13.21,21.05,6.85,18.892839506172827,44.45,3.6,15.389999999999999,38.43,59.78
2014,Ed Dakhla-Oued Ed Dahab,15.23,18.56,20.35,17.12,20.822510288065835,81.68,6.96,4.98,9.709999999999999,0.54
2014,Fès-Meknès,547.94,14.62,21.65,9.3,15.992304526748963,65.21,3.51,143.81,301.96,102.17
2014,Guelmim-Oued Noun,156.08,17.48,24.61,12.38,17.48057613168723,58.44,5.11,15.24,100.41,40.43
2014,Laâyoune-Sakia El Hamra,98.31,18.53,25.21,13.66,18.29399176954732,68.65,5.37,16.3,57.35,24.66
2014,Marrakech-Safi,239.82,15.12,23.13,9.17,18.242633744855972,54.55,3.12,32.9,133.54,73.38
2014,Oriental,398.43,11.65,18.71,6.28,16.680699588477378,66.28,4.03,58.9,245.39000000000001,94.14
2014,Rabat-Salé-Kénitra,334.98,16.68,20.55,13.8,15.879423868312761,74.22,3.97,63.03,189.66,82.29
2014,Souss-Massa,159.06,18.41,25.2,13.16,18.758765432098766,52.17,3.45,10.74,75.7,72.62
2014,Tanger-Tétouan-Al Hoceïma,315.82,16.13,18.5,14.15,15.290164609053496,77.24,5.19,54.7,170.66,90.46
2015,Béni Mellal-Khénifra,491.08,13.58,20.34,8.43,16.987407407407414,62.51,2.57,243.52,149.76,97.8
2015,Casablanca-Settat,503.32,16.26,20.91,12.95,16.094567901234566,76.73,3.78,228.53,177.39000000000001,97.39999999999999
2015,Drâa-Tafilalet,265.14,12.23,19.76,6.32,18.67497942386831,53.56,3.84,96.43,100.39,68.32
2015,Ed Dakhla-Oued Ed Dahab,40.12,18.59,20.58,17.01,20.924032921810696,78.7,7.08,21.189999999999998,1.97,16.96
2015,Fès-Meknès,719.85,14.74,21.32,9.77,15.06942386831276,67.88,3.61,204.63,329.87,185.35
2015,Guelmim-Oued Noun,323.18,16.53,23.23,11.72,17.314567901234557,64.67,5.12,249.56,40.15,33.47
2015,Laâyoune-Sakia El Hamra,190.64,18.3,24.95,13.33,18.465185185185188,67.76,5.36,131.36,28.080000000000002,31.2
2015,Marrakech-Safi,418.37,14.58,21.94,9.08,17.72555555555556,61.57,3.03,236.03,112.36,69.98
2015,Oriental,423.31,12.11,19.23,6.8,15.97707818930042,64.18,4.33,113.53999999999999,217.36,92.41
2015,Rabat-Salé-Kénitra,503.78,16.68,20.24,14.07,15.39345679012346,76.46,3.86,235.07999999999998,185.87,82.83
2015,Souss-Massa,438.5,17.34,23.8,12.29,18.606378600823042,61.7,3.36,330.77,56.39,51.34
2015,Tanger-Tétouan-Al Hoceïma,436.05,16.0,18.31,14.07,14.820205761316867,78.32,5.04,205.44,149.89000000000001,80.72
2016,Béni Mellal-Khénifra,229.93,14.07,21.56,8.47,17.46831967213115,52.17,2.49,33.839999999999996,78.5,117.59
2016,Casablanca-Settat,304.89,16.51,21.54,13.05,16.32881147540983,73.43,3.75,73.67,100.17,131.05
2016,Drâa-Tafilalet,66.39,13.3,21.22,6.89,19.354836065573778,43.92,3.67,18.95,9.1,38.339999999999996
2016,Ed Dakhla-Oued Ed Dahab,21.53,19.29,21.44,17.54,20.78229508196721,75.27,6.52,15.48,5.42,0.63
2016,Fès-Meknès,440.93,15.08,22.33,9.75,15.642991803278687,61.04,3.39,58.4,185.92,196.60999999999999
2016,Guelmim-Oued Noun,114.71,17.05,23.95,12.15,18.093688524590174,58.53,5.19,41.89,45.65,27.169999999999998
2016,Laâyoune-Sakia El Hamra,172.79,18.57,25.28,13.56,18.810573770491796,65.17,5.05,98.84,56.05,17.9
2016,Marrakech-Safi,152.77,15.15,23.19,9.19,18.358647540983608,50.64,3.02,25.3,49.480000000000004,77.99
2016,Oriental,269.29,12.33,19.75,6.78,16.59659836065574,62.47,3.88,70.24,77.33,121.72
2016,Rabat-Salé-Kénitra,298.85,16.97,20.72,14.31,15.714262295081962,73.66,3.77,79.18,99.62,120.05
2016,Souss-Massa,186.02,17.79,24.52,12.65,18.90122950819672,54.87,3.31,63.69,42.97,79.36
2016,Tanger-Tétouan-Al Hoceïma,449.98,16.38,18.68,14.5,14.701065573770494,79.22,4.73,139.22,141.26,169.5
2017,Béni Mellal-Khénifra,382.46,14.28,21.51,8.83,17.256666666666675,57.14,2.53,120.72,211.86,49.88
2017,Casablanca-Settat,407.76,16.55,21.6,13.06,15.952716049382715,74.08,3.69,159.21,213.62,34.93
2017,Drâa-Tafilalet,184.66,12.72,20.25,6.57,18.918641975308645,50.63,3.27,62.06,108.44,14.16
2017,Ed Dakhla-Oued Ed Dahab,13.18,19.32,21.28,17.75,20.81864197530864,77.94,6.21,10.41,1.6900000000000002,1.08
2017,Fès-Meknès,576.42,15.27,22.48,9.97,15.86600823045267,64.13,3.57,176.85999999999999,323.40999999999997,76.15
2017,Guelmim-Oued Noun,164.61,17.5,24.5,12.49,17.527407407407402,59.04,4.9,82.85000000000001,74.93,6.83
2017,Laâyoune-Sakia El Hamra,185.67,18.77,25.5,13.78,18.847283950617285,66.65,4.79,142.42,30.29,12.959999999999999
2017,Marrakech-Safi,247.03,15.4,23.18,9.58,17.680617283950607,55.28,3.03,103.1,122.85,21.08
2017,Oriental,364.86,12.43,19.72,6.86,16.51650205761317,63.51,3.91,87.76,231.79,45.31
2017,Rabat-Salé-Kénitra,454.42,16.86,20.7,14.09,15.60320987654321,74.67,3.73,177.6,215.49,61.33
2017,Souss-Massa,312.82,17.89,24.3,12.91,18.440370370370385,58.95,3.14,122.79,169.19,20.84
2017,Tanger-Tétouan-Al Hoceïma,652.3,16.07,18.18,14.36,14.80633744855967,80.39,5.26,253.89,270.62,127.79
2018,Béni Mellal-Khénifra,513.72,12.88,19.94,7.64,16.6640329218107,57.06,2.63,47.129999999999995,204.52,262.07
2018,Casablanca-Settat,606.08,15.65,20.41,12.28,15.851563786008237,74.25,3.96,68.25,271.23,266.59999999999997
2018,Drâa-Tafilalet,212.79,11.85,19.57,5.55,19.207366255144027,46.87,3.78,13.03,97.66,102.1
2018,Ed Dakhla-Oued Ed Dahab,4.71,18.56,20.46,17.03,20.967942386831268,78.25,6.78,0.0,4.46,0.25
2018,Fès-Meknès,915.35,13.93,20.65,8.98,14.989629629629633,63.96,3.76,74.37,306.04,534.9399999999999
2018,Guelmim-Oued Noun,128.11,16.69,23.48,11.88,17.72349794238683,58.03,5.21,8.61,85.56,33.94
2018,Laâyoune-Sakia El Hamra,138.4,18.37,24.92,13.43,18.737736625514387,64.53,5.2,22.27,101.94,14.190000000000001
2018,Marrakech-Safi,278.0,14.28,21.94,8.61,17.3359670781893,54.42,3.07,34.260000000000005,129.13,114.61
2018,Oriental,511.94,11.03,18.04,5.67,16.124156378600826,65.59,4.21,79.83,151.79,280.32
2018,Rabat-Salé-Kénitra,686.42,16.01,19.6,13.38,15.339629629629613,74.54,4.05,61.32,316.68,308.42
2018,Souss-Massa,195.0,17.34,23.96,12.26,18.664650205761316,54.95,3.45,14.68,108.88,71.44
2018,Tanger-Tétouan-Al Hoceïma,612.77,15.69,17.95,13.82,14.572427983539102,78.51,5.1,87.31,176.67000000000002,348.79
2019,Béni Mellal-Khénifra,374.31,13.99,21.3,8.48,17.810493827160506,55.85,2.48,207.78,44.160000000000004,122.36999999999999
2019,Casablanca-Settat,366.21,16.1,21.18,12.46,16.697572016460906,75.23,3.62,260.02,56.5,49.69
2019,Drâa-Tafilalet,190.54,12.48,20.15,6.16,19.142427983539097,48.51,3.26,77.2,3.14,110.2
2019,Ed Dakhla-Oued Ed Dahab,137.42,18.59,20.78,16.79,21.40399176954732,78.22,6.31,137.42,0.0,0.0
2019,Fès-Meknès,613.89,14.62,21.67,9.32,16.145267489711934,65.14,3.48,363.24,140.13,110.52
2019,Guelmim-Oued Noun,124.95,17.57,24.95,12.32,17.727242798353892,56.5,4.81,96.6,3.22,25.13
2019,Laâyoune-Sakia El Hamra,91.34,18.71,25.72,13.41,18.824979423868314,63.47,4.86,74.11,8.61,8.620000000000001
2019,Marrakech-Safi,251.63,15.33,23.33,9.33,18.514979423868308,52.71,2.94,137.84,22.13,91.66
2019,Oriental,337.03,11.7,19.17,5.97,17.003580246913582,62.32,4.0,189.24,77.73,70.06
2019,Rabat-Salé-Kénitra,379.11,16.52,20.4,13.64,16.15617283950617,75.15,3.66,265.07,77.17,36.87
2019,Souss-Massa,150.84,18.38,25.19,13.0,18.95172839506172,52.68,3.22,117.74,6.17,26.93
2019,Tanger-Tétouan-Al Hoceïma,458.57,16.13,18.43,14.28,15.615925925925923,78.26,5.08,302.19,75.11,81.27
2020,Béni Mellal-Khénifra,409.08,14.56,21.92,9.08,17.526147540983615,53.93,2.49,61.96,82.57,264.55
2020,Casablanca-Settat,328.17,16.61,21.71,12.99,16.430983606557383,75.22,3.67,77.09,103.81,147.27
2020,Drâa-Tafilalet,285.44,13.48,21.23,7.17,19.14229508196722,45.51,3.44,20.76,25.75,238.93
2020,Ed Dakhla-Oued Ed Dahab,12.71,18.96,21.17,17.25,21.158729508196714,77.27,6.78,8.28,0.0,4.43
2020,Fès-Meknès,583.12,15.41,22.45,10.1,15.519549180327864,63.9,3.49,149.2,112.64999999999999,321.27
2020,Guelmim-Oued Noun,135.02,17.98,25.25,12.83,18.433483606557377,55.39,4.87,8.27,51.300000000000004,75.45
2020,Laâyoune-Sakia El Hamra,51.28,19.45,26.62,14.1,19.2794262295082,61.54,5.2,3.39,9.440000000000001,38.45
2020,Marrakech-Safi,270.35,15.69,23.65,9.86,18.322295081967223,51.52,2.97,15.42,65.62,189.31
2020,Oriental,364.84,12.77,20.09,7.17,16.474549180327866,63.28,3.94,130.59,60.61,173.64
2020,Rabat-Salé-Kénitra,261.72,17.14,21.03,14.31,15.802172131147541,74.89,3.72,68.17999999999999,91.51,102.03
2020,Souss-Massa,114.7,18.74,25.6,13.47,19.175368852459005,51.1,3.33,10.86,64.5,39.339999999999996
2020,Tanger-Tétouan-Al Hoceïma,489.53,16.45,18.74,14.61,14.637909836065575,80.08,4.84,110.79,145.64000000000001,233.1
2021,Béni Mellal-Khénifra,389.53,14.14,21.34,8.86,17.202386831275717,59.49,2.57,60.01,234.79,94.73
2021,Casablanca-Settat,798.2,16.13,20.57,13.02,15.964609053497949,79.77,3.63,68.35,283.8,446.05
2021,Drâa-Tafilalet,170.0,13.14,20.82,6.95,18.731111111111115,49.65,3.55,58.19,40.35,71.46000000000001
2021,Ed Dakhla-Oued Ed Dahab,1359.23,18.8,20.49,17.39,20.796584362139935,81.85,6.37,47.43,1.46,1310.34
2021,Fès-Meknès,625.2,15.26,22.14,10.18,15.20164609053498,66.48,3.42,57.0,430.68,137.52
2021,Guelmim-Oued Noun,174.75,17.53,24.42,12.67,17.82074074074073,60.9,4.92,71.48,88.82,14.450000000000001
2021,Laâyoune-Sakia El Hamra,378.5,18.34,24.56,13.69,18.77600823045269,71.83,5.01,273.49,29.89,75.12
2021,Marrakech-Safi,271.83,15.31,23.12,9.63,17.82761316872427,57.36,3.18,68.44,137.39000000000001,66.0
2021,Oriental,257.68,12.84,20.09,7.35,16.160288065843627,61.83,4.2,19.61,120.97,117.1
2021,Rabat-Salé-Kénitra,504.22,16.79,20.33,14.29,15.447366255144026,78.18,3.72,55.63,308.72,139.87
2021,Souss-Massa,295.18,18.21,24.74,13.15,18.53777777777777,57.54,3.28,124.87,141.03,29.28
2021,Tanger-Tétouan-Al Hoceïma,534.08,16.4,18.63,14.6,14.539094650205765,78.72,4.92,122.92999999999999,294.04,117.11
2022,Béni Mellal-Khénifra,318.18,14.41,21.92,8.78,17.601152263374484,53.15,2.54,39.800000000000004,69.51,208.87
2022,Casablanca-Settat,220.62,16.9,22.19,13.23,16.316090534979427,73.94,3.58,52.83,47.81,119.98
2022,Drâa-Tafilalet,655.84,12.12,19.68,6.09,18.79144032921811,53.0,3.32,30.41,35.410000000000004,590.0200000000001
2022,Ed Dakhla-Oued Ed Dahab,8.02,18.95,20.87,17.46,20.51378600823045,79.14,6.42,3.58,4.44,0.0
2022,Fès-Meknès,339.06,15.91,23.44,10.32,15.766502057613174,58.02,3.62,67.48,76.49,195.09
2022,Guelmim-Oued Noun,105.06,17.98,25.15,12.86,17.78905349794239,54.64,5.13,16.49,5.99,82.58
2022,Laâyoune-Sakia El Hamra,102.37,19.38,26.39,14.13,18.89753086419752,61.7,5.08,2.12,12.02,88.23
2022,Marrakech-Safi,222.14,15.64,23.72,9.72,18.08946502057613,50.84,3.12,25.41,59.17,137.56
2022,Oriental,247.11,12.43,19.86,6.74,16.120041152263376,60.56,4.04,30.97,48.92,167.22
2022,Rabat-Salé-Kénitra,200.73,17.37,21.46,14.42,15.824279835390957,73.73,3.65,39.53,47.83,113.37
2022,Souss-Massa,137.58,18.71,25.51,13.43,18.536213991769557,49.46,3.47,13.77,26.849999999999998,96.96
2022,Tanger-Tétouan-Al Hoceïma,419.58,16.38,18.74,14.5,15.063744855967078,78.28,5.44,50.37,96.94,272.27
2023,Béni Mellal-Khénifra,268.08,15.88,23.45,10.17,17.37884773662551,49.98,2.61,29.59,173.85,64.64
2023,Casablanca-Settat,240.56,17.9,23.11,14.27,16.45855967078189,72.91,3.63,17.18,186.56,36.82
2023,Drâa-Tafilalet,115.83,14.05,21.62,7.87,18.727860082304534,43.12,3.25,10.41,58.05,47.37
2023,Ed Dakhla-Oued Ed Dahab,49.65,19.45,21.56,17.83,20.88827160493827,79.46,6.17,0.9400000000000001,28.51,20.2
2023,Fès-Meknès,371.84,17.01,24.51,11.45,15.939341563786007,57.34,3.62,55.84,238.45,77.55
2023,Guelmim-Oued Noun,364.9,18.55,25.73,13.32,17.982962962962965,56.56,4.55,50.78,295.89,18.23
2023,Laâyoune-Sakia El Hamra,141.57,19.96,27.31,14.52,19.022181069958858,64.88,4.78,7.01,103.46,31.1
2023,Marrakech-Safi,154.58,16.97,24.98,11.02,17.859629629629634,47.8,3.05,35.15,92.75,26.68
2023,Oriental,196.27,13.86,21.33,8.16,16.32008230452675,55.34,4.29,44.019999999999996,106.17,46.08
2023,Rabat-Salé-Kénitra,247.28,18.23,22.23,15.39,15.819670781892993,73.56,3.71,21.37,182.88,43.03
2023,Souss-Massa,116.52,19.89,26.62,14.69,18.654938271604937,48.15,3.3,2.69,105.02,8.81
2023,Tanger-Tétouan-Al Hoceïma,460.94,17.41,19.91,15.48,15.248806584362137,78.67,4.66,69.61,305.8,85.53
2024,Béni Mellal-Khénifra,250.68,16.05,23.87,10.14,17.480696721311464,46.84,2.63,51.12,93.53,106.03
2024,Casablanca-Settat,259.84,17.82,23.14,14.12,16.46340163934426,70.45,3.88,49.25,105.05,105.53999999999999
2024,Drâa-Tafilalet,62.17,14.79,22.91,8.3,19.129590163934427,35.66,3.51,10.459999999999999,9.82,41.88999999999999
2024,Ed Dakhla-Oued Ed Dahab,3.05,20.21,22.58,18.39,21.051434426229513,74.19,6.4,0.0,2.01,1.04
2024,Fès-Meknès,367.69,17.07,24.88,11.4,16.016147540983614,55.16,3.84,76.03,124.76,166.9
2024,Guelmim-Oued Noun,71.15,19.03,26.38,13.74,18.16983606557378,49.92,5.1,22.490000000000002,21.27,27.39
2024,Laâyoune-Sakia El Hamra,16.22,20.99,28.38,15.45,19.23163934426229,54.61,5.23,5.4,2.86,7.96
2024,Marrakech-Safi,127.22,17.19,25.46,11.04,18.317663934426243,43.28,3.17,29.32,50.529999999999994,47.37
2024,Oriental,143.58,14.29,22.06,8.41,16.483442622950815,54.48,4.22,30.48,62.68,50.42
2024,Rabat-Salé-Kénitra,278.46,18.2,22.31,15.28,15.82163934426229,71.71,4.06,55.29,99.88000000000001,123.29
2024,Souss-Massa,137.97,19.96,26.92,14.54,18.838647540983594,46.43,3.29,31.32,59.42999999999999,47.22
2024,Tanger-Tétouan-Al Hoceïma,511.62,17.13,19.52,15.18,15.158893442622949,78.59,5.08,95.52,158.42,257.68
2025,Béni Mellal-Khénifra,370.56,14.62,21.87,9.09,17.114691358024682,55.49,2.54,75.54,82.62,212.4
2025,Casablanca-Settat,279.91,17.47,22.56,13.91,16.24168724279836,72.56,3.91,63.07,68.58,148.26
2025,Drâa-Tafilalet,200.34,12.85,20.27,6.91,18.79164609053498,51.94,3.34,57.83,47.86,94.65
2025,Ed Dakhla-Oued Ed Dahab,14.16,19.38,21.36,17.84,20.903127572016473,77.77,6.38,3.89,4.47,5.8
2025,Fès-Meknès,460.55,15.91,23.09,10.61,15.424650205761317,62.47,3.53,111.64999999999999,101.85000000000001,247.05
2025,Guelmim-Oued Noun,54.16,18.23,25.39,13.05,18.1474074074074,55.57,4.77,8.15,9.75,36.26
2025,Laâyoune-Sakia El Hamra,50.53,19.77,26.57,14.71,19.250246913580245,62.22,4.77,2.6,2.9,45.03
2025,Marrakech-Safi,184.22,16.09,23.96,10.14,17.991604938271596,50.55,3.09,46.089999999999996,49.97,88.16
2025,Oriental,220.89,13.43,20.79,7.83,16.11156378600824,59.5,4.16,38.85,77.37,104.67
2025,Rabat-Salé-Kénitra,278.24,17.83,21.81,15.02,15.66905349794239,73.46,3.95,59.5,61.78,156.96
2025,Souss-Massa,126.63,18.89,25.39,13.87,18.56353909465021,52.57,3.24,33.6,16.7,76.33
2025,Tanger-Tétouan-Al Hoceïma,649.93,16.9,19.06,15.19,14.703868312757196,80.37,4.8,219.03,137.4,293.5
2026,Béni Mellal-Khénifra,212.64,15.32,22.3,10.33,13.787386363636365,51.26,2.58,43.09,169.55,0.0
2026,Casablanca-Settat,404.49,16.56,20.75,13.72,11.890243902439025,77.16,4.21,54.34,350.15,0.0
2026,Drâa-Tafilalet,113.92,11.7,18.83,6.19,14.54837398373984,48.82,2.97,4.05,109.86999999999999,0.0
2026,Ed Dakhla-Oued Ed Dahab,18.55,19.49,21.25,18.03,17.360731707317072,80.32,6.39,13.14,5.41,0.0
2026,Fès-Meknès,453.95,14.58,20.62,10.21,10.87869918699188,65.68,3.72,66.02,387.93,0.0
2026,Guelmim-Oued Noun,94.28,17.38,23.89,12.76,13.633252032520327,62.78,4.12,9.47,84.81,0.0
2026,Laâyoune-Sakia El Hamra,49.83,19.23,25.41,14.71,14.941544715447156,69.33,4.67,17.8,32.03,0.0
2026,Marrakech-Safi,255.46,14.52,21.38,9.52,13.685121951219514,56.41,2.8,23.83,231.63,0.0
2026,Oriental,149.19,12.1,18.35,7.51,11.787804878048778,64.51,4.38,19.03,130.16,0.0
2026,Rabat-Salé-Kénitra,407.66,17.09,20.21,14.86,10.941869918699188,76.86,4.38,63.27,344.39,0.0
2026,Souss-Massa,242.85,17.26,23.11,12.9,14.112601626016263,60.34,2.78,31.3,211.54999999999998,0.0
2026,Tanger-Tétouan-Al Hoceïma,576.37,16.78,18.76,15.19,10.357154471544712,80.25,4.91,150.01,426.36,0.0
